ORDERNUMBER,QUANTITYORDERED,PRICEEACH,ORDERLINENUMBER,SALES,ORDERDATE,STATUS,QTR_ID,MONTH_ID,YEAR_ID,PRODUCTLINE,MSRP,PRODUCTCODE,CUSTOMERNAME,PHONE,ADDRESSLINE1,ADDRESSLINE2,CITY,STATE,POSTALCODE,COUNTRY,TERRITORY,CONTACTLASTNAME,CONTACTFIRSTNAME,DEALSIZE
10107,30,95.7,2,2871.0,2/24/2003 0:00,Shipped,1,2,2003,Motorcycles,95,S10_1678,Land of Toys Inc.,2125557818,897 Long Airport Avenue,,NYC,NY,10022,USA,NA,Yu,Kwai,Small
10121,34,81.35,5,2765.9,5/7/2003 0:00,Shipped,2,5,2003,Motorcycles,95,S10_1678,Reims Collectables,26.47.1555,59 rue de l'Abbaye,,Reims,,51100,France,EMEA,Henriot,Paul,Small
10134,41,94.74,2,3884.34,7/1/2003 0:00,Shipped,3,7,2003,Motorcycles,95,S10_1678,Lyon Souveniers,+33 1 46 62 7555,27 rue du Colonel Pierre Avia,,Paris,,75508,France,EMEA,Da Cunha,Daniel,Medium
10145,45,83.26,6,3746.7,8/25/2003 0:00,Shipped,3,8,2003,Motorcycles,95,S10_1678,Toys4GrownUps.com,6265550193,78934 Hillside Dr.,,Pasadena,CA,90003,USA,NA,Young,Julie,Medium
10159,49,100.0,14,5205.27,10/10/2003 0:00,Shipped,4,10,2003,Motorcycles,95,S10_1678,Corporate Gift Ideas Co.,6505551388,7734 Strong St.,,San Francisco,CA,95001,USA,NA,Brown,Julie,Medium
10168,36,96.66,1,3479.76,10/28/2003 0:00,Shipped,4,10,2003,Motorcycles,95,S10_1678,Technics Stores Inc.,6505556809,9408 Furth Circle,,Burlingame,CA,94217,USA,NA,Hernandez,Maria,Medium
10180,29,86.13,9,2497.77,11/11/2003 0:00,Shipped,4,11,2003,Classic Cars,214,S18_1749,Mini Wheels Co.,2125557413,5557 North St.,,NYC,NY,10022,USA,NA,Murphy,Peter,Small
10188,48,100.0,1,5510.16,11/18/2003 0:00,Shipped,4,11,2003,Classic Cars,214,S18_1749,Auto-Moto Classics Inc.,2155551555,16780 Market St.,,Philadelphia,PA,71270,USA,NA,Taylor,John,Medium
10201,22,98.0,2,2156.0,12/1/2003 0:00,Shipped,4,12,2003,Planes,193,S18_2325,Classic Gift Ideas Inc.,6175557143,123 Main Street,,Boston,MA,51003,USA,NA,Nelson,Mary,Small
10211,35,92.0,4,3220.0,1/15/2004 0:00,Shipped,1,1,2004,Ships,90,S24_1937,Maritime Collectables,5555551212,45 Harbor Road,,London,,EC1,UK,EMEA,Smith,James,Medium
